method,mean_rmse,std_rmse,valid_folds
weighted_itr_cvt,18.785536000454485,0.9759839375376678,5
lhs,19.773915532603827,1.0808633058863828,5
sobol,18.306070227739134,0.7590115158187505,5
ward_clustering,18.949151259292353,1.3959268838155519,5
kennard_stone,18.94945472108091,1.792819438846521,5
